shape_id,domain,problem_shape,families,attack_goal,structural_signals,publishable_outputs,status_gate
SHAPE-001,Multiplicative and analytic number theory,Multiplicative-semigroup covering over residue classes,generalized Sierpiński numbers; generalized Riesel numbers; simultaneous-base covering families; exponential semigroup translates; prime-avoiding orbits,"Find the smallest uncovered parameter, prove a minimum cover size, synthesize a cover, or certify that an entire template cannot cover.",multiplicative subgroup; CRT; local obstruction; covering congruence; orbit quotient,new covering family; minimum-cardinality theorem; certified nonexistence; killed construction template,VERIFY_OPEN_AND_NEAREST_PRIOR_BEFORE_LAUNCH
SHAPE-002,Multiplicative and analytic number theory,Simultaneous multiplicative-order constraints,simultaneous primitive roots; prescribed index subgroups; Artin-type tuples; order coincidences; near-primitive roots,Classify the first unknown tuple/modulus range or prove an exceptional-set bound.,discrete logs; projective slope collisions; Kummer extensions; Chebotarev conditions,new finite classification; density theorem; explicit exceptional set; verified range extension,VERIFY_OPEN_AND_NEAREST_PRIOR_BEFORE_LAUNCH
SHAPE-003,Multiplicative and analytic number theory,Rank-r Kummer synchronization defects,multi-radical Kummer families; simultaneous power-residue constraints; radical-rank deficiency; entanglement correction factors; arboreal Galois images,"Detect rank defects, derive exact local densities, and isolate the first conductor barrier.",representable matroid; projective geometry over finite fields; Hensel lift; character annihilator,new entanglement formula; exact density; obstruction classification; conditional-to-unconditional range,VERIFY_OPEN_AND_NEAREST_PRIOR_BEFORE_LAUNCH
SHAPE-004,Multiplicative and analytic number theory,Prime values in sparse exponential families,a*b^m*c^n+1 prime values; cyclotomic-value primes; Lucas sequence primes; repunit-type primes; generalized Fermat values,"Produce a uniform finite-range theorem, exceptional-set estimate, or a precise analytic seam.",sparse two-parameter family; singular series; large sieve; conductor growth,new uniform bound; density-zero exceptional set; verified prime-witness ladder; exact no-go theorem,VERIFY_OPEN_AND_NEAREST_PRIOR_BEFORE_LAUNCH
SHAPE-005,Multiplicative and analytic number theory,Character non-concentration in growing field families,Kummer character families; Hecke-character equidistribution; Frobenius identity concentration; power-residue bias; splitting-prime discrepancy,Prove flattening below a conductor threshold and name the exact high-parameter obstruction.,Fourier smoothing; total variation; log-free zero density; discriminant explosion,sharp dichotomy theorem; improved range; bilinear-equivalence reduction; negative barrier theorem,VERIFY_OPEN_AND_NEAREST_PRIOR_BEFORE_LAUNCH
SHAPE-006,Multiplicative and analytic number theory,Well-factorable weighted discrepancy problems,Bombieri-Vinogradov variants; bilinear Kummer sums; primes in sparse progressions; polynomial moduli; smooth moduli,Break a diagonal barrier or prove a weighted estimate on the first untreated parameter window.,large sieve; well-factorable weights; bilinear forms; bad-character sparsity,new level of distribution; conditional criterion; barrier localization; explicit counterexample to a naive bound,VERIFY_OPEN_AND_NEAREST_PRIOR_BEFORE_LAUNCH
SHAPE-007,Multiplicative and analytic number theory,Exact singular-series optimization,prime k-tuple admissibility; restricted prime constellations; polynomial prime patterns; shifted-prime clusters; prime-gap residue patterns,Optimize exact singular series under admissibility and derive closed forms for small k or structured families.,local factors; CRT; exact optimizer; admissible residue sets; symmetry,new extremal tuple; exact constant; closed-form family; certified optimality,VERIFY_OPEN_AND_NEAREST_PRIOR_BEFORE_LAUNCH
SHAPE-008,Multiplicative and analytic number theory,Wieferich and prime-power lifting anomalies,Wieferich prime tuples; higher-order Wieferich conditions; base-p pseudoprimes; lifting-the-exponent failures; prime-power order stability,Classify low-rank anomalies and prove exact Hensel-lift criteria.,p-adic lift; discrete-log rows; valuation tree; prime-power congruence,new anomaly census; lift theorem; certified lower bound; explicit exceptional family,VERIFY_OPEN_AND_NEAREST_PRIOR_BEFORE_LAUNCH
SHAPE-009,Multiplicative and analytic number theory,Exceptional-set density via local indicators,primitive-root exceptions; non-generic Galois groups; local solvability failures; prime-representation exceptions; thin-orbit failures,Turn independent or weakly dependent local indicators into exact moments and a rigorous density-zero result.,Poisson-binomial law; moment identities; local densities; second-moment sieve,density-zero theorem; exact moment formula; quantitative exceptional-set bound,VERIFY_OPEN_AND_NEAREST_PRIOR_BEFORE_LAUNCH
SHAPE-010,Multiplicative and analytic number theory,Fourier collision and hyperplane-arrangement counts,discrete-log collisions; subset-product collisions; residue signature collisions; random walk flattening; multiplicative energy,Replace false independence heuristics with exact Plancherel sums and identify minimum cocircuit controls.,finite Fourier transform; hyperplane arrangement; matroid cocircuit; collision variance,corrected exact formula; variance bound; spectral decay certificate; counterexample to product heuristic,VERIFY_OPEN_AND_NEAREST_PRIOR_BEFORE_LAUNCH
SHAPE-011,Multiplicative and analytic number theory,Prime-gap transition and residue-class bias,consecutive prime-gap transitions; prime-race Markov structure; residue-pair biases; prime constellation succession; maximal-gap precursors,"Detect stable finite-memory structure with sham controls, then isolate a theorem-sized modular mechanism.",cross-validation; Markov order; residue classes; bootstrap; sham processes,new empirical law with controls; exact finite-state model; modular lemma; falsified stochastic hypothesis,VERIFY_OPEN_AND_NEAREST_PRIOR_BEFORE_LAUNCH
SHAPE-012,Multiplicative and analytic number theory,Finite verification of analytic conjecture side conditions,zero-free-region side inequalities; explicit Mertens bounds; explicit Chebyshev bounds; interval-verified Euler products; explicit sieve constants,Push an explicit threshold far enough to close a conditional finite remainder.,interval arithmetic; exact rational bounds; monotonicity; certified prime tables,closed finite remainder; improved explicit constant; machine-checkable inequality certificate,VERIFY_OPEN_AND_NEAREST_PRIOR_BEFORE_LAUNCH
SHAPE-013,"Totients, divisors, and Diophantine equations",Fixed-ratio totient equations by omega,phi(n)=c(n+d); Lehmer-type totient equations; Schemmel totient equations; unitary totient equations; Jordan totient equations,Classify all solutions up to the first unresolved number of prime factors and formalize the rung.,squarefree reduction; omega ladder; factor configuration; cap bound,new omega classification; certified emptiness; complete bounded theorem; structural lemma,VERIFY_OPEN_AND_NEAREST_PRIOR_BEFORE_LAUNCH
SHAPE-014,"Totients, divisors, and Diophantine equations",Iterated arithmetic-function equations,iterated totient equations; aliquot-map equations; Carmichael lambda iterations; divisor-sum iterations; cototient equations,Reduce the iterated equation to one canonical Diophantine form and exhaust low-complexity branches.,reduction bridge; dependency graph; finite-rung decomposition; primality sieve,new reduction; low-rank classification; conditional closure; counterexample,VERIFY_OPEN_AND_NEAREST_PRIOR_BEFORE_LAUNCH
SHAPE-015,"Totients, divisors, and Diophantine equations",Carmichael and pseudoprime factor configurations,Carmichael numbers with fixed factors; strong pseudoprime tuples; Giuga numbers; primary pseudoperfect numbers; weak primary pseudoperfect numbers,Enumerate factor trees with exact pruning and certify the first missing omega/order class.,Korselt-style constraints; chain-free sieve; product bounds; hostile re-enumeration,new smallest example; nonexistence through omega r; exhaustive census; parametric construction,VERIFY_OPEN_AND_NEAREST_PRIOR_BEFORE_LAUNCH
SHAPE-016,"Totients, divisors, and Diophantine equations",Multiplicative perfectness equations,multiperfect numbers; multiply perfect polynomials; unitary perfect numbers; biunitary perfect numbers; harmonic divisor numbers,Classify parity/omega/exponent patterns and attack the first unresolved signature.,valuation tree; product inequalities; local obstruction; SAT over exponent patterns,new nonexistence class; smallest example; improved lower bound; formalized signature elimination,VERIFY_OPEN_AND_NEAREST_PRIOR_BEFORE_LAUNCH
SHAPE-017,"Totients, divisors, and Diophantine equations",Exponential Diophantine equations with sparse factorization,Pillai-type equations; generalized Ramanujan-Nagell equations; Lebesgue-Nagell variants; Catalan-type gaps; Goormaghtigh-type equations,"Complete bounded exponent/signature cases using modular sieves, lattice reduction, and certified search.",local congruences; p-adic valuations; LLL; finite certificate,new complete case; improved exponent bound; certified solution list; eliminated family,VERIFY_OPEN_AND_NEAREST_PRIOR_BEFORE_LAUNCH
SHAPE-018,"Totients, divisors, and Diophantine equations",S-unit and norm-form equation frontiers,S-unit equations; Thue-Mahler equations; norm-form equations; decomposable-form equations; generalized Ramanujan equations,Resolve the smallest parameter set lacking a complete solution and emit independently checked certificates.,local-global sieve; lattice reduction; p-adic lifting; algebraic number fields,complete solution set; improved height bound; local obstruction theorem,VERIFY_OPEN_AND_NEAREST_PRIOR_BEFORE_LAUNCH
SHAPE-019,"Totients, divisors, and Diophantine equations",Egyptian fraction equations with arithmetic restrictions,Erdős-Straus variants; odd-denominator decompositions; prime-denominator decompositions; distinct unit fractions; bounded-length Egyptian fractions,Extend verified residue coverage or find a new parametric identity covering an untreated class.,covering congruence; CRT; exact optimizer; symbolic identity synthesis,new residue family; verified range; minimal denominator result; counterexample,VERIFY_OPEN_AND_NEAREST_PRIOR_BEFORE_LAUNCH
SHAPE-020,"Totients, divisors, and Diophantine equations",Divisibility of combinatorial and harmonic quantities,harmonic-number numerators; binomial coefficient divisibility; Catalan divisibility; factorial ratios; central multinomial valuations,Classify the first unknown valuations or construct a modular obstruction.,p-adic valuation; automata; digit carries; finite-state proof,new valuation formula; congruence family; exact threshold; counterexample,VERIFY_OPEN_AND_NEAREST_PRIOR_BEFORE_LAUNCH
SHAPE-021,"Totients, divisors, and Diophantine equations",Factorial and primorial Diophantine equations,Brocard-type equations; factorial plus/minus powers; primorial neighbors; factorial ratios; product of consecutive integers,Close bounded parameter windows and mine residue or valuation invariants.,prime-witness ladder; modular sieve; omega ladder; interval bound,new solution classification; verified lower bound; no-solution range; parametric identity,VERIFY_OPEN_AND_NEAREST_PRIOR_BEFORE_LAUNCH
SHAPE-022,"Totients, divisors, and Diophantine equations",Integer points on low-genus parameter families,elliptic divisibility sequences; quartic curves; superelliptic curves; generalized Fermat signatures; integral points on genus-2 families,Resolve a concrete parameter slice by local sieves plus exact Mordell-Weil/descent computation.,local obstruction; p-adic lift; lattice reduction; exact algebraic certificate,complete integral-point list; improved bound; missing exceptional point; certified rank,VERIFY_OPEN_AND_NEAREST_PRIOR_BEFORE_LAUNCH
SHAPE-023,"Totients, divisors, and Diophantine equations",Recurrence divisibility and primitive divisors,Lucas sequences; Lehmer sequences; elliptic divisibility sequences; Somos sequences; linear recurrence gcd patterns,Find exact exceptional indices and formalize the primitive-divisor or divisibility claim.,finite-state recurrence; order constraints; prime certificate; hostile re-enumeration,new exceptional index; verified range; primitive-divisor theorem for a subfamily,VERIFY_OPEN_AND_NEAREST_PRIOR_BEFORE_LAUNCH
SHAPE-024,"Totients, divisors, and Diophantine equations",Integer-relation discovery with proof reconstruction,special-value identities; zeta and polylog constants; Mahler measures; lattice-sum constants; hypergeometric evaluations,"Use high-precision relation discovery only as a conjecture generator, then reconstruct a rigorous proof.",PSLQ; interval arithmetic; symbolic reduction; formal checker,new exact identity; disproved numerical coincidence; certified minimal polynomial,VERIFY_OPEN_AND_NEAREST_PRIOR_BEFORE_LAUNCH
SHAPE-025,Additive and combinatorial number theory,Admissible tuple optimization under reciprocal weights,prime reciprocal-sum clusters; weighted admissible k-tuples; prime-gap constellations; residue-avoiding sets; sparse reciprocal covers,"Find adaptive constructions, exact optima for larger k, or a provable upper/lower trend.",SMT/OMT; adaptive residue selection; k-rough sieve; exact verifier,new record construction; rigorous lower bound; boundedness evidence; killed fixed recipe,VERIFY_OPEN_AND_NEAREST_PRIOR_BEFORE_LAUNCH
SHAPE-026,Additive and combinatorial number theory,Additive basis completeness thresholds,anti-Waring thresholds; postage-stamp bases; complete sequences; restricted power bases; signed digit bases,Compute the first unknown exact threshold or prove monotonicity on a new interval.,bit-parallel subset-sum DP; state compression; meet-in-the-middle; certificate,new exact sequence term; verified monotonicity range; counterexample; recurrence conjecture,VERIFY_OPEN_AND_NEAREST_PRIOR_BEFORE_LAUNCH
SHAPE-027,Additive and combinatorial number theory,Sidon and B_h extremal sets,Sidon sets in intervals; modular Sidon sets; B_h sequences; weak Sidon sets; distinct-difference configurations,Improve exact small parameters or synthesize a new algebraic family.,group-action quotient; SAT/SMT; Fourier energy; construction synthesis,new exact maximum; classification; construction; improved bound,VERIFY_OPEN_AND_NEAREST_PRIOR_BEFORE_LAUNCH
SHAPE-028,Additive and combinatorial number theory,Zero-sum and distinct-partial-sum sequences,Olson constants; Davenport constants; zero-sum-free sequences; sequencing of subsets; forbidden partial sums,Classify the first unknown finite group/order and extract a parametric construction.,multiplicative orbit reduction; exact search; group automorphisms; checker,new exact constant; complete group classification; constructive theorem,VERIFY_OPEN_AND_NEAREST_PRIOR_BEFORE_LAUNCH
SHAPE-029,Additive and combinatorial number theory,Sum-free and progression-free finite sets,cap sets in small groups; progression-free subsets; sum-free subsets; weakly sum-free partitions; Schur numbers,Resolve exact bounded cases or improve construction/bounds with symmetry and SAT.,affine group quotient; SAT; polynomial/Fourier invariants; independent checker,new exact value; extremal classification; improved bound; structural lemma,VERIFY_OPEN_AND_NEAREST_PRIOR_BEFORE_LAUNCH
SHAPE-030,Additive and combinatorial number theory,Representation-function extremals,minimum overlap problems; additive energy minimization; restricted sumset multiplicities; unique representation bases; popular sums,Compute exact small extremizers and infer a theorem-sized structure.,FFT convolution; OMT; moment laws; adversarial controls,new exact extremum; extremal family; stability conjecture; rigorous negative result,VERIFY_OPEN_AND_NEAREST_PRIOR_BEFORE_LAUNCH
SHAPE-031,Additive and combinatorial number theory,Subset-sum coverage and gaps,complete sequences; subset-sum interval coverage; dissociated sets; coin systems; distinct subset-sum sets,Find the exact first gap threshold or classify extremal sets.,bitsets; meet-in-the-middle; generating functions; packed certificates,new exact threshold; classification; improved asymptotic bound,VERIFY_OPEN_AND_NEAREST_PRIOR_BEFORE_LAUNCH
SHAPE-032,Additive and combinatorial number theory,Integer sequence recurrence and congruence mining,OEIS conjectural recurrences; determinant sequences; combinatorial enumeration sequences; automatic sequences; divisibility sequences,"Reproduce terms, hold out data, infer recurrence/congruence, and prove or falsify.",exact computation; automata; creative telescoping; Lean checker,new recurrence; closed form; congruence theorem; counterexample; new OEIS terms,VERIFY_OPEN_AND_NEAREST_PRIOR_BEFORE_LAUNCH
SHAPE-033,Additive and combinatorial number theory,Partition congruence frontiers,restricted partitions; colored partitions; plane partitions; overpartitions; q-series coefficient congruences,Search systematic congruences and prove them via finite-state or modular-form reductions.,FFT/NTT; automata; modular arithmetic; symbolic q-series,new congruence family; verified finite theorem; counterexample to conjectured congruence,VERIFY_OPEN_AND_NEAREST_PRIOR_BEFORE_LAUNCH
SHAPE-034,Additive and combinatorial number theory,Combinatorial matrix determinant/permanent identities,Toeplitz determinants; Hankel determinants; circulant determinants; structured permanents; Kronecker-power matrices,"Mine OEIS-style formulas, prove exact identities, and classify zero/sign patterns.",exact algebra; row/column operations; symbolic factorization; checker,new closed form; determinant factorization; sequence identification; corrected conjecture,VERIFY_OPEN_AND_NEAREST_PRIOR_BEFORE_LAUNCH
SHAPE-035,Additive and combinatorial number theory,Combinatorial game value sequences,subtraction games; impartial octal games; lattice games; chip-firing games; take-away games,"Compute long exact nim sequences, infer automata/periodicity, and prove finite-state behavior.",bitset DP; automata; periodicity certificate; adversarial search,new eventual-period theorem; exact preperiod/period; counterexample,VERIFY_OPEN_AND_NEAREST_PRIOR_BEFORE_LAUNCH
SHAPE-036,Additive and combinatorial number theory,Discrete probability extremals,Littlewood-Offord concentration; random polynomial root counts; occupancy extremals; anti-concentration constants; Boolean function influences,Find exact low-dimensional extremizers and convert numerical patterns into inequalities.,moment methods; exact optimizer; concentration audit; SOS/SDP certificates,new sharp constant; extremal classification; falsified independence assumption,VERIFY_OPEN_AND_NEAREST_PRIOR_BEFORE_LAUNCH
SHAPE-037,Design theory and finite geometry,Steiner system existence at the first unknown parameters,"Steiner systems S(t,k,v); large sets of Steiner systems; resolvable Steiner systems; cyclic Steiner systems; q-analog designs",Run exact-cover/SAT with automorphism reductions and persist a proof-quality outcome.,exact cover; cyclic orbits; SAT proof; independent verifier,new design; certified nonexistence; complete parameter classification,VERIFY_OPEN_AND_NEAREST_PRIOR_BEFORE_LAUNCH
SHAPE-038,Design theory and finite geometry,Covering and packing design numbers,"covering numbers C(v,k,t); packing numbers D(v,k,t); lottery designs; Turán systems; covering arrays",Improve an exact bound at the smallest unresolved parameter and certify optimality.,MILP/SAT; symmetry; LP dual certificate; exact checker,new exact covering/packing number; improved bound; classified optima,VERIFY_OPEN_AND_NEAREST_PRIOR_BEFORE_LAUNCH
SHAPE-039,Design theory and finite geometry,Difference sets and difference families,cyclic difference sets; relative difference sets; divisible difference sets; supplementary difference sets; difference families,Classify unresolved small groups/parameters or synthesize new algebraic families.,group-action quotient; character sums; SAT; projective slope conditions,new existence case; nonexistence certificate; construction family; multiplier theorem,VERIFY_OPEN_AND_NEAREST_PRIOR_BEFORE_LAUNCH
SHAPE-040,Design theory and finite geometry,Heffter arrays and globally simple variants,integer Heffter arrays; relative Heffter arrays; globally simple arrays; Heffter spaces; sparse Heffter arrays,Resolve first admissible missing parameters and extract sequenceability-based constructions.,exact cover; sequencing checker; automorphism quotient; construction grammar,new array; full small-order classification; parametric construction,VERIFY_OPEN_AND_NEAREST_PRIOR_BEFORE_LAUNCH
SHAPE-041,Design theory and finite geometry,Latin squares and orthogonality frontiers,MOLS of small order; incomplete Latin squares; critical sets; gerechte designs; mutually orthogonal Sudoku-type designs,"Find new examples, complete partial classifications, or prove nonexistence for constrained variants.",SAT/CP-SAT; paratopy quotient; exact cover; checker,new MOLS set; smallest critical set; nonexistence; isotopy classification,VERIFY_OPEN_AND_NEAREST_PRIOR_BEFORE_LAUNCH
SHAPE-042,Design theory and finite geometry,Orthogonal arrays and covering arrays,"orthogonal arrays OA(N,k,s,t); mixed-level arrays; covering arrays; ordered orthogonal arrays; authentication-code designs",Close exact N values or construct improved arrays.,exact cover; linear-code correspondence; symmetry; OMT,new best array; exact covering-array number; classified optimal arrays,VERIFY_OPEN_AND_NEAREST_PRIOR_BEFORE_LAUNCH
SHAPE-043,Design theory and finite geometry,Finite projective-plane substructures,arcs; caps; ovoids; blocking sets; saturating sets; maximal partial spreads,Improve exact minimum/maximum sizes and classify extremizers in the first untreated q/dimension.,projective group quotient; SAT; finite-field algebra; packed certificates,new exact extremum; new construction; nonexistence; orbit classification,VERIFY_OPEN_AND_NEAREST_PRIOR_BEFORE_LAUNCH
SHAPE-044,Design theory and finite geometry,Finite geometry coloring and partition problems,chromatic numbers of finite geometries; cap partitions; blocking-set partitions; vector-space partitions; subspace designs,Resolve exact low-q cases and mine algebraic patterns.,group actions; SAT; spectral bound; exact verifier,new exact chromatic/partition number; construction; certified bound,VERIFY_OPEN_AND_NEAREST_PRIOR_BEFORE_LAUNCH
SHAPE-045,Design theory and finite geometry,Graph decompositions and Oberwolfach-type systems,Oberwolfach systems; Hamilton decompositions; cycle systems; path decompositions; resolvable graph designs,"Close first missing order/cycle type, with cyclic and other symmetry constraints.",orbit exact cover; sequenceability; SAT; certificate,new decomposition; nonexistence; complete small-order table,VERIFY_OPEN_AND_NEAREST_PRIOR_BEFORE_LAUNCH
SHAPE-046,Design theory and finite geometry,"Graceful, harmonious, and antimagic labelings",graceful trees; harmonious graphs; antimagic labelings; edge-magic total labelings; radio labelings,Search smallest unresolved graph families and infer reusable labeling templates.,SMT/CP; automorphism quotient; beam search; checker,new infinite family; smallest counterexample; complete bounded classification,VERIFY_OPEN_AND_NEAREST_PRIOR_BEFORE_LAUNCH
SHAPE-047,Design theory and finite geometry,Combinatorial trades and defining sets,Steiner trades; Latin trades; critical sets; defining sets of designs; volume spectra,Enumerate minimal trades and exact spectra under isomorphism.,canonical augmentation; exact cover; graph isomorphism; certificates,new minimum trade; complete spectrum; classification database,VERIFY_OPEN_AND_NEAREST_PRIOR_BEFORE_LAUNCH
SHAPE-048,Design theory and finite geometry,Hadamard and weighing matrix frontiers,Hadamard matrices; skew Hadamard matrices; conference matrices; weighing matrices; complex Hadamard matrices,Resolve first unknown order/equivalence class or improve maximal determinant bounds.,row/column symmetry; SAT; determinant bounds; exact checker,new matrix; nonexistence; equivalence classification; determinant record,VERIFY_OPEN_AND_NEAREST_PRIOR_BEFORE_LAUNCH
SHAPE-049,"Graph theory, Ramsey theory, and extremal combinatorics",Exact small Ramsey numbers,two-color graph Ramsey numbers; multicolor Ramsey numbers; directed Ramsey numbers; hypergraph Ramsey numbers; geometric Ramsey numbers,Close the smallest unresolved parameter via SAT plus proof logs or improve a bound with verified colorings.,SAT; symmetry breaking; LRAT/DRAT; independent checker,new exact Ramsey number; improved bound; classified extremal colorings,VERIFY_OPEN_AND_NEAREST_PRIOR_BEFORE_LAUNCH
SHAPE-050,"Graph theory, Ramsey theory, and extremal combinatorics",Folkman and induced Ramsey numbers,vertex Folkman numbers; edge Folkman numbers; induced Ramsey numbers; size Ramsey numbers; connected Ramsey numbers,Compute exact values or improve first unknown cases using canonical graph generation.,graph census; SAT; automorphism quotient; certificate,new exact number; improved bound; extremal graph census,VERIFY_OPEN_AND_NEAREST_PRIOR_BEFORE_LAUNCH
SHAPE-051,"Graph theory, Ramsey theory, and extremal combinatorics",Turán numbers for small hypergraphs,3-uniform Turán problems; forbidden configurations; cancellative hypergraphs; expanded graphs; Berge-hypergraphs,"Use flag algebra/SDP to discover a bound, rationalize it, and verify finite extremizers.",flag algebra; SDP/SOS; exact census; stability mining,improved density bound; exact small n; stability conjecture; rational certificate,VERIFY_OPEN_AND_NEAREST_PRIOR_BEFORE_LAUNCH
SHAPE-052,"Graph theory, Ramsey theory, and extremal combinatorics",Cage and Moore-type graph problems,regular cages; biregular cages; mixed cages; degree-diameter problem; Moore graph variants,"Find smaller constructions, certify nonexistence at a candidate order, or classify all extremizers.",canonical generation; SAT; spectral bounds; independent checking,new record graph; exact cage order; nonexistence certificate; census,VERIFY_OPEN_AND_NEAREST_PRIOR_BEFORE_LAUNCH
SHAPE-053,"Graph theory, Ramsey theory, and extremal combinatorics",Strongly regular and distance-regular graph feasibility,strongly regular graphs; distance-regular graphs; association schemes; partial geometries; Deza graphs,Resolve feasible but unknown parameter sets via algebraic constraints plus exhaustive search.,eigenvalue feasibility; Krein conditions; SAT; orbit quotient,new graph; nonexistence; parameter-set closure; intersection-array classification,VERIFY_OPEN_AND_NEAREST_PRIOR_BEFORE_LAUNCH
SHAPE-054,"Graph theory, Ramsey theory, and extremal combinatorics",Graph coloring exact frontiers,chromatic numbers of Kneser-type graphs; Johnson graphs; distance graphs; unit-distance graphs; graph powers,Close exact finite cases and extract design-theory reductions.,reduction bridge; exact cover; SAT; spectral bound,new exact chromatic number; reduction theorem; design existence equivalence,VERIFY_OPEN_AND_NEAREST_PRIOR_BEFORE_LAUNCH
SHAPE-055,"Graph theory, Ramsey theory, and extremal combinatorics","Hadwiger, Hajós, and minor extremals in bounded classes",Hadwiger number for graph classes; Hajós constructions; minor-critical graphs; contraction-critical graphs; topological minors,Census bounded orders or special classes and find minimal counterexamples/confirmations.,canonical graph generation; minor testing; SAT; checker,smallest counterexample; verified range; structural pattern,VERIFY_OPEN_AND_NEAREST_PRIOR_BEFORE_LAUNCH
SHAPE-056,"Graph theory, Ramsey theory, and extremal combinatorics",Cycle and path decomposition frontiers,Alspach decompositions; cycle double covers; path decompositions; rainbow decompositions; directed cycle systems,Resolve small group/order cases using orbit exact cover and sequenceability.,group actions; exact cover; sequencing; packed certificates,new decomposition; complete bounded table; nonexistence,VERIFY_OPEN_AND_NEAREST_PRIOR_BEFORE_LAUNCH
SHAPE-057,"Graph theory, Ramsey theory, and extremal combinatorics","Snarks, flows, and cycle-cover conjectures",small snarks; nowhere-zero flow constraints; cycle double cover variants; Berge-Fulkerson finite cases; perfect matching index,Generate all candidates in a bounded class and check strengthened properties.,graph census; SAT; matching algorithms; adversarial checker,verified order extension; smallest counterexample; classified extremizers,VERIFY_OPEN_AND_NEAREST_PRIOR_BEFORE_LAUNCH
SHAPE-058,"Graph theory, Ramsey theory, and extremal combinatorics","Domination, independence, and spectral extremals",domination number bounds; independence ratios; spectral radius constraints; energy extremals; Nordhaus-Gaddum inequalities,Mine House-of-Graphs-style anomalies and certify extremal graphs.,database anomaly scan; canonical generation; SDP; exact invariants,new counterexample; sharp bounded theorem; extremal classification,VERIFY_OPEN_AND_NEAREST_PRIOR_BEFORE_LAUNCH
SHAPE-059,"Graph theory, Ramsey theory, and extremal combinatorics",Graph polynomial conjectures,chromatic roots; independence polynomials; matching polynomials; Tutte polynomial coefficients; reliability polynomials,Search smallest counterexamples or prove bounded sign/log-concavity patterns.,exact polynomial computation; graph census; root isolation; SOS,counterexample; verified range; exact root bound; structural theorem,VERIFY_OPEN_AND_NEAREST_PRIOR_BEFORE_LAUNCH
SHAPE-060,"Graph theory, Ramsey theory, and extremal combinatorics",Extremal set systems and sunflowers,sunflower bounds in finite universes; intersecting families; forbidden intersection sizes; cover-free families; union-free families,Resolve exact small parameters and discover candidate stability structures.,SAT/ILP; symmetry; Fourier/association schemes; exact checker,new exact maximum; improved bound; extremal family classification,VERIFY_OPEN_AND_NEAREST_PRIOR_BEFORE_LAUNCH
SHAPE-061,"Algebra, groups, loops, and matrices",Complete mappings and orthomorphisms of finite groups,complete mappings; orthomorphisms; sequenceable groups; rotational terraces; prescribed-cycle orthomorphisms,Classify low-order groups and find constructions under automorphism quotienting.,group-action quotient; SAT; group library; packed certificate,new group classification; construction; smallest exception,VERIFY_OPEN_AND_NEAREST_PRIOR_BEFORE_LAUNCH
SHAPE-062,"Algebra, groups, loops, and matrices",Finite group generation and presentation anomalies,minimal generating sets; spread and uniform spread; Beauville structures; generating graphs; product replacement diameters,Compute exact small-group parameters and infer group-family laws.,GAP census; automorphism quotient; exact optimizer; verifier,new exact invariant; classified group family; counterexample,VERIFY_OPEN_AND_NEAREST_PRIOR_BEFORE_LAUNCH
SHAPE-063,"Algebra, groups, loops, and matrices",Small finite simple and almost-simple action problems,base sizes; distinguishing numbers; derangements; Saxl graphs; regular orbits,Resolve exceptional actions and produce exact orbit certificates.,permutation-group orbits; character bounds; SAT; database scan,closed exceptional case; exact base size; new regular orbit,VERIFY_OPEN_AND_NEAREST_PRIOR_BEFORE_LAUNCH
SHAPE-064,"Algebra, groups, loops, and matrices","Finite quasigroups, loops, and Latin identities",Moufang loops; Bol loops; Steiner quasigroups; quasigroup identities; small loop classification,Enumerate models/countermodels and classify first unknown orders.,SAT/model finding; isomorph rejection; equational reasoning; checker,smallest model/counterexample; complete order classification,VERIFY_OPEN_AND_NEAREST_PRIOR_BEFORE_LAUNCH
SHAPE-065,"Algebra, groups, loops, and matrices",Finite semigroup and monoid identity problems,small semigroup varieties; identity bases; synchronization monoids; transformation semigroups; aperiodic monoids,"Find smallest countermodels, identity bases, or exact rank parameters.",finite model search; automata; SAT; proof extraction,new finite basis/nonbasis result; smallest counterexample; exact rank,VERIFY_OPEN_AND_NEAREST_PRIOR_BEFORE_LAUNCH
SHAPE-066,"Algebra, groups, loops, and matrices",Matrix sign-pattern and determinant extremals,maximal determinant matrices; sign-nonsingular patterns; inverse M-matrix patterns; zero-pattern rank; combinatorial matrix spectra,Improve exact orders or classify extremal equivalence classes.,row/column quotient; determinant certificate; SAT; interval eigenvalue bounds,new determinant record; exact maximum; classified patterns,VERIFY_OPEN_AND_NEAREST_PRIOR_BEFORE_LAUNCH
SHAPE-067,"Algebra, groups, loops, and matrices",Tensor rank and bilinear complexity at small dimensions,matrix multiplication tensors; symmetric tensor rank; border rank; finite-field tensor rank; bilinear algorithms,Find improved decompositions or prove lower bounds in the first unknown dimension.,SAT/SMT; polynomial ideals; symmetry; exact verification,new rank decomposition; certified lower bound; orbit classification,VERIFY_OPEN_AND_NEAREST_PRIOR_BEFORE_LAUNCH
SHAPE-068,"Algebra, groups, loops, and matrices",Matroid representability and excluded-minor frontiers,representability over finite fields; excluded minors; sparse paving matroids; gammoids; oriented matroids,Resolve small ground-set cases and discover obstruction certificates.,canonical augmentation; finite-field matrices; SAT; cocircuit bounds,new excluded minor; representability classification; counterexample,VERIFY_OPEN_AND_NEAREST_PRIOR_BEFORE_LAUNCH
SHAPE-069,"Algebra, groups, loops, and matrices",Finite ring and algebra structure classification,small rings; nilpotent algebras; evolution algebras; Lie algebras over finite fields; associative algebra identities,Classify first unresolved dimensions/orders under isomorphism.,structure constants; Gröbner/SAT; GL action quotient; checker,new classification; missing isomorphism class; identity theorem,VERIFY_OPEN_AND_NEAREST_PRIOR_BEFORE_LAUNCH
SHAPE-070,"Algebra, groups, loops, and matrices",Representation and character table completion,modular character tables; decomposition matrices; blocks of finite groups; fusion systems; small quantum groups,Fill missing bounded cases or certify consistency/nonexistence.,integer constraints; character orthogonality; SAT/ILP; independent verification,completed table; nonexistence; corrected database entry,VERIFY_OPEN_AND_NEAREST_PRIOR_BEFORE_LAUNCH
SHAPE-071,"Coding theory, packing, and quantum information",Best-known linear code parameter gaps,binary linear codes; q-ary linear codes; cyclic codes; quasi-cyclic codes; algebraic-geometry codes,Improve a lower bound by construction or close a gap with an upper-bound certificate.,code equivalence quotient; SAT; OMT; weight enumerators,new best code; exact distance; nonexistence; construction family,VERIFY_OPEN_AND_NEAREST_PRIOR_BEFORE_LAUNCH
SHAPE-072,"Coding theory, packing, and quantum information",Self-dual and divisible code classifications,self-dual codes; doubly-even codes; divisible codes; LCD codes; formally self-dual codes,Classify first unknown lengths/dimensions and automorphism types.,canonical generation; mass formula; group action; checker,new classification; missing code; nonexistence; weight enumerator theorem,VERIFY_OPEN_AND_NEAREST_PRIOR_BEFORE_LAUNCH
SHAPE-073,"Coding theory, packing, and quantum information",Quantum stabilizer and subsystem code gaps,stabilizer codes; subsystem codes; entanglement-assisted codes; quantum LDPC codes; qudit codes,Find improved small parameters or certify impossible parameter sets.,symplectic exact search; SAT; linear algebra; independent verifier,new best quantum code; exact distance; no-go certificate,VERIFY_OPEN_AND_NEAREST_PRIOR_BEFORE_LAUNCH
SHAPE-074,"Coding theory, packing, and quantum information",Locally repairable and storage code exact parameters,LRC codes; batch codes; PIR codes; convertible codes; regenerating codes,Resolve small exact parameter gaps and construct incidence-based codes.,design correspondence; ILP/SAT; matroid rank; code checker,new construction; exact bound; classified small parameters,VERIFY_OPEN_AND_NEAREST_PRIOR_BEFORE_LAUNCH
SHAPE-075,"Coding theory, packing, and quantum information",Spherical and projective code records,spherical codes; kissing configurations; complex projective codes; Grassmannian packings; equiangular lines,Improve a lower bound or rigorously certify an upper bound at a concrete dimension/size.,SDP; interval arithmetic; group symmetry; exact Gram matrix,new packing; exact optimum; certified upper bound; classification,VERIFY_OPEN_AND_NEAREST_PRIOR_BEFORE_LAUNCH
SHAPE-076,"Coding theory, packing, and quantum information",Lattice packing and covering finite searches,short vector configurations; laminated lattices; lattice coverings; perfect lattices; extreme lattices,Search low dimensions for new local optima and certify Gram matrices.,Voronoi enumeration; exact linear algebra; interval bounds; automorphism quotient,new lattice record; perfect-form classification; rigorous density bound,VERIFY_OPEN_AND_NEAREST_PRIOR_BEFORE_LAUNCH
SHAPE-077,"Coding theory, packing, and quantum information",Sequence and array correlation extremals,Golay pairs; Barker sequences; complementary arrays; low-autocorrelation binary sequences; frequency-hopping sequences,"Close exact lengths, improve records, or prove nonexistence.",FFT; SAT; symmetry; exact autocorrelation checker,new sequence; nonexistence; exact minimum sidelobe; construction,VERIFY_OPEN_AND_NEAREST_PRIOR_BEFORE_LAUNCH
SHAPE-078,"Coding theory, packing, and quantum information",Rank-metric and network code frontiers,rank-metric codes; subspace codes; network coding matroids; Ferrers diagram codes; sum-rank codes,Resolve small parameter gaps and classify optimal codes.,finite-field matrices; group quotient; ILP/SAT; checker,new best code; exact bound; equivalence classification,VERIFY_OPEN_AND_NEAREST_PRIOR_BEFORE_LAUNCH
SHAPE-079,"Coding theory, packing, and quantum information",Code weight-distribution feasibility,weight enumerators; quantum weight enumerators; completely regular codes; few-weight codes; projective codes,Use MacWilliams and integrality constraints to rule out or construct parameter sets.,exact linear constraints; OMT; character sums; design links,nonexistence theorem; new weight enumerator; code construction,VERIFY_OPEN_AND_NEAREST_PRIOR_BEFORE_LAUNCH
SHAPE-080,"Coding theory, packing, and quantum information","Frame, paving, and finite operator partition problems",finite Kadison-Singer paving constants; Parseval frame partitions; restricted invertibility constants; spectral sparsifiers; discrepancy frames,"Compute exact small constants, find constructive partitions, or certify improved finite bounds.",interlacing polynomials; SAT/SDP; spectral bounds; exact checker,improved paving number; constructive algorithm; sharp finite counterexample,VERIFY_OPEN_AND_NEAREST_PRIOR_BEFORE_LAUNCH
SHAPE-081,"Topology, knots, and manifolds",Unknown knot invariant values in bounded crossing tables,unknotting number; slice genus; concordance order; crosscap number; tunnel number,Target database entries still unknown or interval-valued and produce rigorous bounds/certificates.,KnotInfo anomaly scan; diagram search; integer programming; independent invariants,resolved invariant; improved interval; corrected table entry,VERIFY_OPEN_AND_NEAREST_PRIOR_BEFORE_LAUNCH
SHAPE-082,"Topology, knots, and manifolds",Small-knot counterexample mining,cosmetic crossing conjecture; nugatory crossing variants; chirally cosmetic surgery; generalized Property R; mutation-sensitive invariants,Search bounded knot/link censuses for the smallest counterexample or stronger verified range.,canonical diagrams; SAT/normal surfaces; invariant filters; hostile verifier,smallest counterexample; verified census extension; obstruction theorem,VERIFY_OPEN_AND_NEAREST_PRIOR_BEFORE_LAUNCH
SHAPE-083,"Topology, knots, and manifolds",Knot concordance and sliceness classifications,topological sliceness; smooth sliceness; ribbon knots; double sliceness; concordance genus,Resolve bounded crossing cases by combining algebraic and Floer-theoretic obstructions.,database joins; exact algebra; lattice embeddings; certificate bundle,new classification; improved bound; new obstruction example,VERIFY_OPEN_AND_NEAREST_PRIOR_BEFORE_LAUNCH
SHAPE-084,"Topology, knots, and manifolds",3-manifold census property completion,exceptional Dehn fillings; left-orderability; L-spaces; taut foliations; virtual fibering,Fill missing properties for bounded triangulation censuses with certified computations.,normal surface algorithms; interval hyperbolic geometry; database anomaly mining; verifier,resolved census entries; smallest exception; verified equivalence range,VERIFY_OPEN_AND_NEAREST_PRIOR_BEFORE_LAUNCH
SHAPE-085,"Topology, knots, and manifolds",Minimal triangulations and complexity,minimal triangulations of 3-manifolds; Matveev complexity; ideal triangulations; crystallizations; 4-manifold triangulations,Prove minimality for the next unresolved census object.,canonical triangulation generation; Pachner search; integer constraints; certificate,new minimality proof; improved triangulation; census classification,VERIFY_OPEN_AND_NEAREST_PRIOR_BEFORE_LAUNCH
SHAPE-086,"Topology, knots, and manifolds",Surface embeddings and graph genus,minimum genus embeddings; crossing number; book thickness; queue number; linkless embeddings,Close exact values for small structured graph families.,SAT/SMT; rotation systems; graph automorphisms; checker,new exact genus/crossing number; classified embeddings,VERIFY_OPEN_AND_NEAREST_PRIOR_BEFORE_LAUNCH
SHAPE-087,"Topology, knots, and manifolds",Low-dimensional topology problem-list finite cases,Kirby-list bounded cases; exotic surface configurations; corks and plugs; mapping-class factorizations; trisection genus,Extract finite or computationally bounded subproblems and produce reproducible certificates.,problem-gap extraction; exact search; group presentations; proof receipts,new bounded theorem; explicit example; nonexistence in a restricted class,VERIFY_OPEN_AND_NEAREST_PRIOR_BEFORE_LAUNCH
SHAPE-088,"Topology, knots, and manifolds",Homology and Floer invariant computation gaps,Khovanov homology; knot Floer homology; Heegaard Floer correction terms; instanton invariants; persistent homology torsion,"Compute missing bounded cases, cross-check independent implementations, and identify patterns.",exact chain complexes; sparse linear algebra; dual verifiers; sequence mining,new database values; corrected invariant; conjectured formula; formal finite result,VERIFY_OPEN_AND_NEAREST_PRIOR_BEFORE_LAUNCH
SHAPE-089,"Topology, knots, and manifolds",Braid and mapping-class optimization,minimum braid index; positive braid length; pseudo-Anosov dilatation; mapping-class word length; destabilization distance,Find exact optima for bounded families and certify them.,group normal forms; SMT; interval eigenvalues; orbit quotient,new exact optimum; extremal braid/mapping class; lower-bound certificate,VERIFY_OPEN_AND_NEAREST_PRIOR_BEFORE_LAUNCH
SHAPE-090,"Topology, knots, and manifolds",Hyperbolic structure and volume extremals,minimal knot volumes; cusped manifold volumes; systole bounds; exceptional surgery lengths; arithmetic manifold records,Search censuses and rigorously certify candidate records.,interval arithmetic; canonical triangulations; number-field recognition; checker,new record manifold; certified volume; exact arithmetic identification,VERIFY_OPEN_AND_NEAREST_PRIOR_BEFORE_LAUNCH
SHAPE-091,"Discrete geometry, tilings, and metric problems",Unit-distance and chromatic finite subgraphs,unit-distance graphs; measurable chromatic lower-bound graphs; Euclidean Ramsey configurations; distance-avoiding graphs; spherical distance graphs,Find smaller witnesses or certify nonexistence under vertex/symmetry constraints.,geometric SAT; exact algebraic coordinates; graph coloring; interval verification,smaller chromatic witness; exact coordinate certificate; improved bound,VERIFY_OPEN_AND_NEAREST_PRIOR_BEFORE_LAUNCH
SHAPE-092,"Discrete geometry, tilings, and metric problems",Packing and covering exact small cases,circle packing in polygons; sphere packing in boxes; covering disks; Tammes problem; Thomson-type discrete energies,Improve a record and certify it with interval branch-and-bound.,global optimization; interval arithmetic; symmetry; exact contact graph,new packing/covering record; rigorous optimum; contact-graph classification,VERIFY_OPEN_AND_NEAREST_PRIOR_BEFORE_LAUNCH
SHAPE-093,"Discrete geometry, tilings, and metric problems","Kissing, equiangular, and few-distance configurations",kissing numbers; equiangular lines; two-distance sets; spherical designs; universal optima,Resolve a finite dimension/size case via SDP plus exact Gram reconstruction.,Delsarte/SDP; algebraic number recognition; interval eigenvalues; symmetry,new configuration; certified upper bound; exact classification,VERIFY_OPEN_AND_NEAREST_PRIOR_BEFORE_LAUNCH
SHAPE-094,"Discrete geometry, tilings, and metric problems",Polyomino and polycube tilings,rep-tiles; rectangle tilings; signed tilings; polycube boxes; exact-cover tiling puzzles with research parameters,Find first missing tileability cases or prove non-tileability using coloring/invariant certificates.,exact cover; symmetry; modular invariants; SAT proof,new tiling family; minimum rectangle; non-tileability theorem,VERIFY_OPEN_AND_NEAREST_PRIOR_BEFORE_LAUNCH
SHAPE-095,"Discrete geometry, tilings, and metric problems",Aperiodic and substitution tiling finite certification,small aperiodic tile sets; Wang tiles; substitution tilings; monotiles; local matching-rule variants,Search reduced tile sets or prove periodicity/nonperiodicity for restricted systems.,SAT; automata; local-to-global obstruction; proof extraction,smaller aperiodic set; periodicity theorem; explicit tiling certificate,VERIFY_OPEN_AND_NEAREST_PRIOR_BEFORE_LAUNCH
SHAPE-096,"Discrete geometry, tilings, and metric problems",Distance set and distinct-distance extremals,Erdős distinct distances finite n; integer-distance sets; few-distance graphs; diameter graphs; rational distance sets,Compute exact small-n values and classify extremal configurations.,graph census; exact algebraic geometry; SAT; interval verification,new exact value; extremal configuration; improved bound,VERIFY_OPEN_AND_NEAREST_PRIOR_BEFORE_LAUNCH
SHAPE-097,"Discrete geometry, tilings, and metric problems",Convexity and Helly-type finite parameters,Hadwiger-Debrunner numbers; colorful Helly constants; piercing numbers; epsilon-net exact cases; convex-position Ramsey numbers,Resolve exact low-dimensional/small-parameter cases.,SAT/ILP; oriented matroids; canonical order types; checker,new exact parameter; extremal order type; improved bound,VERIFY_OPEN_AND_NEAREST_PRIOR_BEFORE_LAUNCH
SHAPE-098,"Discrete geometry, tilings, and metric problems",Order-type and pseudoline arrangement classification,order types; stretchability; pseudoline arrangements; allowable sequences; oriented matroid realizability,Find smallest nonrealizable/exceptional cases or complete bounded censuses.,canonical augmentation; SAT/SMT; polynomial realization; certificate,new minimal example; complete census; realizability/nonrealizability certificate,VERIFY_OPEN_AND_NEAREST_PRIOR_BEFORE_LAUNCH
SHAPE-099,"Discrete geometry, tilings, and metric problems",Polytope and face-number frontiers,f-vectors; neighborly polytopes; centrally symmetric polytopes; inscribability; realization spaces,Resolve small dimension/vertex cases and classify combinatorial types.,oriented matroids; SAT; exact coordinates; symmetry,new polytope; nonrealizability; exact face-number bound,VERIFY_OPEN_AND_NEAREST_PRIOR_BEFORE_LAUNCH
SHAPE-100,"Discrete geometry, tilings, and metric problems",Geometric transversal and illumination problems,illumination numbers; X-ray numbers; opaque sets; art gallery variants; geometric hitting sets,Improve exact low-dimensional values with certified configurations and lower bounds.,set cover ILP; symmetry; interval geometry; dual certificates,new exact value; improved bound; extremal configuration,VERIFY_OPEN_AND_NEAREST_PRIOR_BEFORE_LAUNCH
SHAPE-101,"Analysis, PDE, and operator theory",Rigorous special-function inequalities,Bessel inequalities; gamma-function bounds; elliptic integral inequalities; orthogonal polynomial extrema; zeta-function explicit bounds,Discover and certify sharper parameter-uniform inequalities.,interval arithmetic; Taylor models; monotonicity decomposition; exact constants,new sharp inequality; improved constant; counterexample to published bound,VERIFY_OPEN_AND_NEAREST_PRIOR_BEFORE_LAUNCH
SHAPE-102,"Analysis, PDE, and operator theory",Computer-assisted periodic orbit existence,ODE periodic orbits; celestial mechanics choreographies; delay differential equations; Hamiltonian periodic solutions; reaction-network oscillations,Prove existence/uniqueness and stability of a candidate orbit.,validated numerics; radii polynomials; interval Newton; symmetry,new rigorously proven orbit; stability theorem; bifurcation certificate,VERIFY_OPEN_AND_NEAREST_PRIOR_BEFORE_LAUNCH
SHAPE-103,"Analysis, PDE, and operator theory",Traveling waves and coherent structures,reaction-diffusion waves; dispersive solitary waves; lattice waves; free-boundary waves; nonlocal waves,Validate existence and spectral stability on a concrete parameter region.,spectral computation; interval bounds; finite-dimensional reduction; proof receipt,new existence/stability region; sharp speed bound,VERIFY_OPEN_AND_NEAREST_PRIOR_BEFORE_LAUNCH
SHAPE-104,"Analysis, PDE, and operator theory",Finite-mode blow-up or global-regularity bounds,semilinear heat equations; Euler toy models; nonlinear Schrödinger variants; chemotaxis; aggregation equations,Prove blow-up/global bounds for a restricted symmetry/data class using validated inequalities.,differential inequalities; interval enclosure; SDP/SOS; finite-rung cases,new rigorous threshold; verified blow-up example; conditional gap localization,VERIFY_OPEN_AND_NEAREST_PRIOR_BEFORE_LAUNCH
SHAPE-105,"Analysis, PDE, and operator theory",Spectral extremals and eigenvalue inequalities,graph-domain eigenvalues; Schrödinger operators; Laplacian shape optimization; matrix spectral inequalities; nonselfadjoint pseudospectra,Find exact bounded extremizers or certify improved inequalities.,SDP; interval eigenvalues; shape enumeration; exact algebra,new extremal domain/matrix; sharp constant; counterexample,VERIFY_OPEN_AND_NEAREST_PRIOR_BEFORE_LAUNCH
SHAPE-106,"Analysis, PDE, and operator theory",Littlewood and random polynomial extremals,Littlewood polynomial norms; Mahler measure; unimodular polynomial flatness; root-location extremals; coefficient-restricted polynomials,"Compute exact small degrees, discover patterns, and prove bounded or asymptotic lemmas.",SMT/OMT; FFT; root isolation; CV with sham controls,new extremal polynomial; exact norm; counterexample; structural conjecture,VERIFY_OPEN_AND_NEAREST_PRIOR_BEFORE_LAUNCH
SHAPE-107,"Analysis, PDE, and operator theory",Finite frame partition and discrepancy constants,vector balancing; Komlós-type finite cases; Weaver partitions; matrix discrepancy; Kadison-Singer constants,Resolve exact small-dimensional constants or construct better partitions.,SAT/SDP; interlacing; exact rational verification; search,new sharp finite constant; constructive partition; smallest counterexample,VERIFY_OPEN_AND_NEAREST_PRIOR_BEFORE_LAUNCH
SHAPE-108,"Analysis, PDE, and operator theory",Moment and concentration inequalities with dependency,dependent Bernoulli sums; hypergraph counts; random matrix traces; occupancy with constraints; exchangeable sequences,"Test and correct independence heuristics, then derive exact moment or dependency-graph bounds.",Plancherel; exact moments; dependency graph; adversarial simulation,corrected inequality; new sharp bound; negative result killing a false heuristic,VERIFY_OPEN_AND_NEAREST_PRIOR_BEFORE_LAUNCH
SHAPE-109,"Dynamics, automata, and recurrence systems",Collatz-type finite-state residue dynamics,generalized Collatz maps; affine residue maps; stopping-time records; cycle exclusion; parity-vector constraints,Extend verified cycle/stopping-time bounds or prove an automaton-based restricted theorem.,finite-state automata; modular sieve; exact certificates; hostile re-enumeration,verified range extension; excluded cycle class; new congruence invariant,VERIFY_OPEN_AND_NEAREST_PRIOR_BEFORE_LAUNCH
SHAPE-110,"Dynamics, automata, and recurrence systems",Cellular automaton reachability and Garden-of-Eden frontiers,one-dimensional cellular automata; reversible CA; nilpotency on restricted classes; preimage counts; finite torus dynamics,Resolve first unknown rule/size classes with SAT and automata.,de Bruijn graphs; SAT; symmetry; finite-state proof,new decidability result for a subclass; exact cycle census; counterexample,VERIFY_OPEN_AND_NEAREST_PRIOR_BEFORE_LAUNCH
SHAPE-111,"Dynamics, automata, and recurrence systems",Digit and carry automata conjectures,sum-of-digits congruences; happy-number variants; palindromic products; Kaprekar dynamics; digit-restricted powers,Build exact transducers and prove eventual periodicity or density statements.,automata; transfer matrices; modular arithmetic; checker,new automaticity theorem; exact density; counterexample,VERIFY_OPEN_AND_NEAREST_PRIOR_BEFORE_LAUNCH
SHAPE-112,"Dynamics, automata, and recurrence systems",Symbolic dynamics forbidden-word extremals,subshifts of finite type; avoidance sequences; De Bruijn cycles; universal cycles; constrained coding,Compute entropy/periodic-point counts and synthesize extremal cycles.,transfer matrix; SAT; spectral radius; exact certificate,new universal cycle; exact entropy polynomial; minimum forbidden set,VERIFY_OPEN_AND_NEAREST_PRIOR_BEFORE_LAUNCH
SHAPE-113,"Dynamics, automata, and recurrence systems",Discrete dynamical orbit anomaly mining,integer polynomial iteration; aliquot sequences; recurrence maps; piecewise-linear maps; modular dynamical systems,Search smallest exceptional cycles/preperiods and test robust statistical structure.,cycle census; CV-Markov tests; modular filters; proof reconstruction,new cycle; verified no-cycle range; finite-state mechanism,VERIFY_OPEN_AND_NEAREST_PRIOR_BEFORE_LAUNCH
SHAPE-114,"Dynamics, automata, and recurrence systems",Combinatorial substitution and morphic sequence structure,morphic words; automatic sequences; abelian complexity; critical exponent; return words,"Compute exact invariants, infer automata, and formalize them.",automata minimization; SAT; recurrence; Lean checker,new exact complexity formula; automaticity proof; counterexample,VERIFY_OPEN_AND_NEAREST_PRIOR_BEFORE_LAUNCH
SHAPE-115,"Dynamics, automata, and recurrence systems","Sandpile, chip-firing, and rotor-router exact frontiers",sandpile groups; chip-firing stabilization; rotor-router aggregation; graph divisor rank; parking functions,Resolve exact bounded families and mine invariant recurrences.,Smith normal form; graph symmetry; DP; exact checker,new closed form; exact threshold; classified configurations,VERIFY_OPEN_AND_NEAREST_PRIOR_BEFORE_LAUNCH
SHAPE-116,"Dynamics, automata, and recurrence systems",Arithmetic random-walk flattening and mixing,walks on finite groups; affine random walks; subset-product walks; arithmetic expanders; residue-class mixing,Prove or falsify spectral-gap/TV flattening in concrete families.,finite Fourier; character sums; exact spectra; collision variance,new mixing bound; zero-gap obstruction; exact spectrum,VERIFY_OPEN_AND_NEAREST_PRIOR_BEFORE_LAUNCH
SHAPE-117,"Logic, theoretical CS, and optimization",Finite model search for algebraic and combinatorial conjectures,small countermodels; finite lattice identities; relation algebra equations; modal logic frame conditions; universal algebra identities,Find smallest model/countermodel with independently checked semantics.,SAT/SMT model finding; isomorph rejection; proof extraction,smallest countermodel; verified finite spectrum; finite basis result,VERIFY_OPEN_AND_NEAREST_PRIOR_BEFORE_LAUNCH
SHAPE-118,"Logic, theoretical CS, and optimization",Constraint satisfaction exact classifications,small CSP templates; polymorphism clones; promise CSPs; valued CSPs; graph homomorphism thresholds,Classify bounded templates or discover separating identities.,SAT; universal algebra; clone computation; certificate,new tractable/hard template; exact polymorphism classification,VERIFY_OPEN_AND_NEAREST_PRIOR_BEFORE_LAUNCH
SHAPE-119,"Logic, theoretical CS, and optimization",Proof-complexity lower-bound experiments,resolution width; cutting planes; polynomial calculus; Nullstellensatz degree; extended formulations,Find new hard finite families and extract invariant-based lower-bound conjectures.,proof logging; SAT; Gröbner; statistical hardness model,new benchmark family; exact minimum proof size; structural lower-bound lemma,VERIFY_OPEN_AND_NEAREST_PRIOR_BEFORE_LAUNCH
SHAPE-120,"Logic, theoretical CS, and optimization",Combinatorial optimization integrality gaps,set cover; matching variants; facility location; scheduling polytopes; cut relaxations,Find smallest exact gap instances or improve certified bounds.,OMT/MILP; symmetry; Farkas certificates; graph census,new integrality gap; smallest instance; facet inequality,VERIFY_OPEN_AND_NEAREST_PRIOR_BEFORE_LAUNCH
SHAPE-121,"Logic, theoretical CS, and optimization",Exact algorithm frontier and parameterized complexity,small-k kernel bounds; exact exponential algorithms; branching recurrences; forbidden-subgraph algorithms; counting complexity,Discover better branching rules or certify lower-bound instances on bounded parameters.,JIGSAW cost modeling; beam search; SAT; recurrence proof,improved algorithm; tight instance family; corrected complexity claim,VERIFY_OPEN_AND_NEAREST_PRIOR_BEFORE_LAUNCH
SHAPE-122,"Logic, theoretical CS, and optimization",Game solving with proof certificates,combinatorial board games; graph pursuit games; poset games; Maker-Breaker games; impartial placement games,Solve first unknown board/graph sizes with strategy certificates.,retrograde analysis; symmetry; SAT; strategy checker,new solved size; winning strategy; minimum counterexample,VERIFY_OPEN_AND_NEAREST_PRIOR_BEFORE_LAUNCH
SHAPE-123,"Logic, theoretical CS, and optimization",Automated conjecture falsification for formal repositories,Formal Conjectures statements; theorem-library lemmas; generated finite analogues; quantifier-sensitive conjectures; translated problem lists,Search edge cases before proof search and certify any counterexample.,statement audit; finite model finder; randomized testing; checker-soundness contract,corrected statement; smallest counterexample; strengthened hypothesis,VERIFY_OPEN_AND_NEAREST_PRIOR_BEFORE_LAUNCH
SHAPE-124,"Logic, theoretical CS, and optimization",Solver-certificate translation and compression,LRAT/DRAT proofs; VeriPB proofs; Farkas certificates; Gröbner certificates; interval proofs,"Translate large solver outcomes into durable, independently checkable, preferably formal certificates.",proof parser; checker theorem; proof compression; adversarial corruption tests,formalized computational theorem; smaller proof artifact; reusable verifier,VERIFY_OPEN_AND_NEAREST_PRIOR_BEFORE_LAUNCH
SHAPE-125,Arithmetic geometry and computational algebra,Elliptic curve rank and integral-point gaps over number fields,elliptic curves over quadratic fields; low-conductor rank records; integral points; isogeny classes; torsion growth,Fill bounded database gaps with rigorous descent and independent checks.,LMFDB scan; descent; local sieve; exact height bounds,new curve record; certified rank; complete integral-point list; database correction,VERIFY_OPEN_AND_NEAREST_PRIOR_BEFORE_LAUNCH
SHAPE-126,Arithmetic geometry and computational algebra,Genus-2 curve and Jacobian classifications,rational points on genus-2 curves; torsion of Jacobians; isogenies; Sato-Tate groups; rational points in parameter families,Resolve concrete low-height/conductor cases.,Chabauty; Mordell-Weil sieve; interval roots; exact algebraic certificates,complete rational-point set; certified rank; new exceptional curve,VERIFY_OPEN_AND_NEAREST_PRIOR_BEFORE_LAUNCH
SHAPE-127,Arithmetic geometry and computational algebra,Galois group and number-field database anomalies,missing number fields; discriminant minima; class group records; Galois group realizations; ramification constraints,Mine LMFDB-style data for gaps and resolve smallest missing cases.,database anomaly scan; local discriminant bounds; exact enumeration; group theory,new field; corrected record; nonexistence under a bound,VERIFY_OPEN_AND_NEAREST_PRIOR_BEFORE_LAUNCH
SHAPE-128,Arithmetic geometry and computational algebra,Belyi map and dessin computation frontiers,Belyi maps; passports; dessins d'enfants; Hurwitz spaces; monodromy triples,Compute missing low-degree passports and certify maps.,permutation triples; polynomial systems; exact algebraic recognition; checker,new Belyi map; completed passport; field-of-definition result,VERIFY_OPEN_AND_NEAREST_PRIOR_BEFORE_LAUNCH
SHAPE-129,Arithmetic geometry and computational algebra,Modular-form coefficient and congruence problems,newform coefficient congruences; eta-product identities; modular degree records; Maass-form numerics; moonshine coefficients,Find and prove bounded congruence/identity patterns.,exact q-expansions; Sturm bounds; integer relation; Lean checker,new congruence; exact identity; database correction,VERIFY_OPEN_AND_NEAREST_PRIOR_BEFORE_LAUNCH
SHAPE-130,Arithmetic geometry and computational algebra,Class group and Selmer distribution finite experiments,class groups in families; Selmer ranks; Tate-Shafarevich candidates; narrow class groups; ray class groups,"Run controlled finite experiments, detect robust patterns, and isolate theorem-sized local mechanisms.",CV with shams; exact class group computation; local indicators; moment laws,new empirical law; counterexample; explicit exceptional family; conjecture with receipts,VERIFY_OPEN_AND_NEAREST_PRIOR_BEFORE_LAUNCH
SHAPE-131,Arithmetic geometry and computational algebra,Polynomial system elimination and realizability,incidence realizations; tensor decompositions; mechanism linkages; finite geometry embeddings; algebraic statistics models,Resolve exact feasibility and emit Gröbner/Nullstellensatz or interval certificates.,Gröbner basis; resultants; SAT-mod-theory; interval verification,realization; nonrealizability certificate; minimal polynomial,VERIFY_OPEN_AND_NEAREST_PRIOR_BEFORE_LAUNCH
SHAPE-132,Arithmetic geometry and computational algebra,p-adic dynamics and local-global failures,rational periodic points; arboreal representations; local-global divisibility; Hasse-principle failures; dynamical modular curves,Classify bounded degree/period cases via local obstructions and exact point searches.,p-adic lifting; Kummer geometry; local sieve; curve arithmetic,new periodic-point classification; explicit local-global failure; verified bound,VERIFY_OPEN_AND_NEAREST_PRIOR_BEFORE_LAUNCH
SHAPE-133,"Formalization, databases, and mathematical meta-research",Formalize open statements before attacking them,unformalized Erdős problems; AIM problem-list statements; OEIS conjectures; coding-table gaps; topology problem-list cases,"Encode exact quantifiers and definitions, test finite edge cases, and expose hidden ambiguity.",Lean; statement audit; arbitrary-parameter generalization; minimal imports,new formal conjecture; corrected statement; reusable definitions,VERIFY_OPEN_AND_NEAREST_PRIOR_BEFORE_LAUNCH
SHAPE-134,"Formalization, databases, and mathematical meta-research",Bounded computational theorem formalization,finite classifications; exhaustive graph censuses; design existence results; code parameter results; Diophantine bounded closures,Prove one checker-soundness theorem and ingest large witness/certificate corpora.,packed certificates; generic checker; native_decide samples; proof receipts,kernel-checked bounded theorem; reusable checker library,VERIFY_OPEN_AND_NEAREST_PRIOR_BEFORE_LAUNCH
SHAPE-135,"Formalization, databases, and mathematical meta-research",Cross-database anomaly and missing-value mining,OEIS; LMFDB; House of Graphs; KnotInfo; CodeTables,"Find contradictions, missing values, stale bounds, duplicate objects, and unexplained outliers.",data acquisition; canonical hashes; independent recomputation; status verification,database correction; new sequence terms; resolved invariant; new extremal object,VERIFY_OPEN_AND_NEAREST_PRIOR_BEFORE_LAUNCH
SHAPE-136,"Formalization, databases, and mathematical meta-research",Proof receipt and provenance hardening,solver-based papers; long computations; formalized claims; numerical inequalities; distributed searches,"Bind inputs, code, environment, output, checker, and claim boundary into one reproducible packet.",hash manifests; dual verifiers; corruption tests; claim-boundary schema,publication-grade receipt; detected unsound claim; reproducible benchmark,VERIFY_OPEN_AND_NEAREST_PRIOR_BEFORE_LAUNCH
SHAPE-137,"Formalization, databases, and mathematical meta-research",Retraction-aware negative knowledge graph,failed proof routes; false reductions; refuted construction families; solver encodings that plateau; invalid citations,Preserve dead routes as queryable anti-techniques and block repetition.,stable technique IDs; honesty notes; semantic retrieval; adversarial review,defensive survey; machine guardrail; corrected research map,VERIFY_OPEN_AND_NEAREST_PRIOR_BEFORE_LAUNCH
SHAPE-138,"Formalization, databases, and mathematical meta-research",Cross-family runtime and success prediction,SAT classifications; graph generation; Lean compilation; number-theory enumerations; interval proofs,Fit calibrated cost/success models and rank targets by expected novelty per compute.,JIGSAW; density features; peak RSS; uncertainty bands,new target-ranking model; honest miss analysis; optimized campaign queue,VERIFY_OPEN_AND_NEAREST_PRIOR_BEFORE_LAUNCH
SHAPE-139,"Formalization, databases, and mathematical meta-research",Human theorem extraction from machine traces,SAT unsat cores; branch-and-bound trees; repeated pruning clauses; Gröbner reductions; interval subdivisions,Mine recurring invariants and compress computational evidence into lemmas.,trace clustering; minimal unsat cores; symbolic abstraction; Lean proof,new human-readable theorem; reduced certificate; parametric construction,VERIFY_OPEN_AND_NEAREST_PRIOR_BEFORE_LAUNCH
SHAPE-140,"Formalization, databases, and mathematical meta-research",Independent replication campaigns,claimed computational classifications; recent AI-assisted proofs; database records; formal statements; numerical constants,Reimplement from scratch with a more permissive search and hostile statement audit.,different language/algorithm; superset enumeration; corruption tests; source verification,confirmed result; corrected result; retraction; stronger receipt,VERIFY_OPEN_AND_NEAREST_PRIOR_BEFORE_LAUNCH
