factory_id,category,family,parameter_axes,objective,oracle_methods,publishable_outputs,initial_seed_ranges
FACT-001,Design,"Steiner systems S(t,k,v)","t,k,v; automorphism group",Decide existence/classify designs,"A01,A02,A04,A05,A26",existence/nonexistence; classification,"t=2..5, k<=8, v at first admissible gaps"
FACT-002,Design,"Covering numbers C(v,k,t)","v,k,t",Close exact lower/upper gaps,"A04,A05,A06,A15,A26",exact value; improved cover; lower-bound certificate,smallest table gaps
FACT-003,Design,"Packing numbers D(v,k,t)","v,k,t",Close exact maxima,"A04,A05,A06,A26",exact value; optimal packing,smallest table gaps
FACT-004,Design,"Orthogonal arrays OA(N,k,s,t)","N,k,s,t; linear/nonlinear",Decide existence and optimal N,"A01,A05,A17,A26",new array; nonexistence; classification,"s<=6,t<=4"
FACT-005,Design,"Covering arrays CAN(t,k,v)","t,k,v",Close exact values,"A05,A06,A07,A26",optimal array; proof of optimality,"t=2..5,v<=6"
FACT-006,Design,MOLS N(n),n; number of squares; symmetry,Improve exact maxima,"A01,A02,A05,A17,A26",new MOLS; nonexistence,small composite n
FACT-007,Design,"Difference sets (v,k,lambda)",group; parameters; multiplier,Decide feasible parameter sets,"A01,A05,A10,A17,A26",construction; exclusion; classification,v<=500 at unknown cases
FACT-008,Design,Hadamard matrices,order; symmetry class,Construct missing orders/classify,"A01,A05,A17,A26",matrix; nonexistence in subclass,first unknown multiples of 4
FACT-009,Graph,"Ramsey R(G,H)","G,H; colors",Close exact intervals,"A02,A05,A15,A21,A26",exact number; improved bound; extremal graphs,graphs <=8 vertices
FACT-010,Graph,Multicolor Ramsey numbers,target graph; colors,Close exact low parameters,"A01,A05,A21,A26",exact number; coloring certificate,triangles and small cliques
FACT-011,Graph,"Cages n(k,g)",degree k; girth g,Find minimum order,"A02,A05,A16,A21,A26",new cage; lower-bound proof,"k<=10,g<=16"
FACT-012,Graph,"Degree-diameter N(d,k)",degree; diameter; directed/undirected,Improve exact maxima,"A02,A05,A16,A21,A26",record graph; optimality proof,"d<=10,k<=6"
FACT-013,Graph,Strongly regular graphs,"v,k,lambda,mu",Decide existence/classify,"A01,A02,A05,A16,A21,A26",construction; nonexistence; classes,smallest feasible unknowns
FACT-014,Graph,Distance-regular graphs,intersection array,Decide realizability,"A02,A05,A16,A21,A26",graph; infeasibility certificate,small valency/diameter
FACT-015,Graph,"Turán numbers ex(n,H)",n; forbidden H,Find exact extremal count,"A05,A06,A15,A21,A26",exact value; formula range,"small H,n"
FACT-016,Graph,"Zarankiewicz z(m,n;s,t)",matrix dimensions; forbidden submatrix,Close exact values,"A05,A06,A15,A26",exact value; extremal matrix,"m,n<=30, s,t<=4"
FACT-017,Graph,Crossing numbers,graph family; n,Close exact values,"A05,A06,A12,A21,A26",drawing; lower-bound certificate,"K_n,K_mn first gaps"
FACT-018,Graph,Graph reconstruction,order; graph class,Verify and classify hard decks,"A02,A21,A22,A26",new verified order; reduction lemma,next orders by class
FACT-019,Graph,Union-closed families,ground size; family size,Find minimal counterexample/verify,"A01,A05,A21,A22,A26",verified range; frequency lemma,ground size next frontier
FACT-020,Graph,Sunflower thresholds,uniformity k; petals r,Close finite exact thresholds,"A05,A06,A21,A26",exact threshold; extremal family,"k,r<=8"
FACT-021,Graph,Graph coloring variants,graph class; list/online/total,Compute exact chromatic parameter,"A02,A05,A21,A26",exact value; obstruction graph,bounded order/family
FACT-022,Graph,Hamiltonicity conjecture census,graph class; order,Search counterexamples/verify,"A02,A05,A21,A22,A26",smallest counterexample or verified range,cubic/vertex-transitive/planar
FACT-023,Number theory,Erdős–Straus residue classes,modulus; residue; denominator template,Prove complete modular subfamilies,"A10,A11,A17,A19,A26",new covering lemma; verified range,moduli up to search budget
FACT-024,Number theory,Exponential Diophantine signatures,equation; exponents; coefficients,Classify all solutions,"A10,A11,A19,A24,A26",complete solution set,small fixed signatures
FACT-025,Number theory,Perfect-number factor patterns,prime factors; exponents,Eliminate classes,"A05,A06,A10,A19,A26",new lower bound/exclusion,small omega/exponent templates
FACT-026,Number theory,Prime-gap finite assertions,range; inequality,Extend certified verification,"A10,A14,A26,A27,A39",new verified bound; extremal records,beyond published range
FACT-027,Number theory,Covering congruences,moduli; residues; target sequence,Construct/minimize covers,"A04,A05,A10,A26",minimal cover; exclusion,Sierpinski/Riesel variants
FACT-028,Number theory,Egyptian fractions,target rational; term count; denominator constraints,Find optimal representations,"A04,A05,A10,A11,A26",optimal decomposition; lower bound,small targets/lengths
FACT-029,Number theory,Integer sequences from recurrences,recurrence; seed; property,Find/prove patterns,"A13,A20,A22,A25,A34",counterexample; recurrence theorem,OEIS unresolved comments
FACT-030,Number theory,Binomial congruences,prime powers; row/index patterns,Discover/prove residue laws,"A10,A13,A20,A25,A34",new congruence; automaton proof,small bases/moduli
FACT-031,Number theory,Additive bases,order h; basis size/range,Optimize coverage,"A05,A09,A14,A23,A26",new record; exact optimum,postage-stamp frontier
FACT-032,Number theory,Sidon/B_h sets,ambient group/interval; h,Maximize size,"A01,A05,A16,A23,A26",new construction; exact maximum,small n/groups
FACT-033,Geometry,"Spherical codes A(n,s)",dimension; max inner product,Close exact table gaps,"A01,A12,A15,A16,A28",code; exact bound,smallest gaps
FACT-034,Geometry,Equiangular lines,real/complex; dimension,Find exact maximum,"A12,A15,A16,A17,A28",Gram matrix; upper bound,n<=30 gaps
FACT-035,Geometry,Tammes/energy points,N; energy exponent,Prove global optimum,"A02,A12,A16,A28",certified configuration,next unresolved N
FACT-036,Geometry,Circle packing containers,N; container; radii,Prove optimal packing,"A02,A06,A12,A28",coordinates; upper bound,next unresolved N
FACT-037,Coding,"Code table A_q(n,d)","q,n,d; linear/nonlinear",Close exact values,"A01,A05,A06,A16,A26",new code; nonexistence,smallest table gaps
FACT-038,Coding,"Quantum codes [[n,k,d]]","n,k,d; stabilizer/nonadditive",Close exact values,"A01,A05,A16,A17,A26",code; LP/SAT upper bound,smallest table gaps
FACT-039,Algebra,Tensor rank,field; tensor format,Determine rank/border rank,"A11,A15,A17,A22,A28",decomposition; lower bound,small formats
FACT-040,Algebra,Finite group word maps,group; word,Classify image/width,"A01,A02,A17,A21,A26",formula; counterexample,small groups/words
FACT-041,Algebra,Cayley graph parameters,group; generators,Optimize diameter/girth/chromatic,"A01,A02,A05,A16,A26",record graph; exact value,groups <= manageable order
FACT-042,Algebra,Matrix extremal problems,dimension; alphabet; invariant,Maximize determinant/rank/etc.,"A01,A05,A11,A16,A26",optimal matrix; proof,first unknown dimensions
FACT-043,Topology,Knot invariant gaps,knot table range; invariant,Determine exact invariant,"A02,A11,A21,A26,A35",exact value; surface/obstruction,smallest KnotInfo gaps
FACT-044,Topology,Dehn surgery census,manifold/knot; slope,Classify exceptional fillings,"A02,A12,A21,A26",complete census; certified geometry,next tetrahedra/crossings
FACT-045,Topology,Triangulation complexity,manifold; tetrahedra,Find minimal triangulation,"A02,A05,A21,A26",minimality certificate,next census layer
FACT-046,Dynamics,Finite-state digit dynamics,base; multiplier; forbidden digits,Classify orbits/prove avoidance,"A10,A20,A22,A25",automaton theorem; counterexample,small bases/multipliers
FACT-047,Dynamics,Lattice walks,step set; cone,Classify D-finiteness/algebraicity,"A13,A17,A20,A34",generating function theorem,unresolved small models
FACT-048,Analysis,Validated PDE scenario,equation; symmetry; parameter box,Prove/exclude behavior,"A12,A24,A28,A38",rigorous bound; exclusion theorem,explicit published candidates
FACT-049,TCS,Sorting/comparator networks,n; size/depth,Find exact optimum,"A01,A05,A26,A28",network; LRAT proof,next unknown n
FACT-050,TCS,Circuit complexity small n,function; gate basis,Find exact minimum,"A01,A05,A06,A26",circuit; lower-bound proof,small explicit functions
FACT-051,TCS,Proof complexity benchmarks,formula family; proof system,Find exact/minimal proof size,"A05,A06,A17,A28",optimal proof; lower bound,small n then extrapolate
FACT-052,TCS,Aperiodic tile sets,tile count; neighborhood,Minimize and certify aperiodicity,"A02,A05,A20,A26",new smaller set; proof,near current records
FACT-053,Quantum,SIC-POVM,dimension; symmetry group,Construct exact fiducial,"A01,A12,A17,A28",exact fiducial; field data,unresolved dimensions
FACT-054,Quantum,Mutually unbiased bases,dimension; number of bases,Close exact maximum,"A01,A05,A15,A17,A28",construction; upper bound,small composite d
FACT-055,Quantum,Bell scenarios,parties; inputs; outputs,Enumerate facets/quantum values,"A02,A15,A16,A28",new inequality; exact Tsirelson bound,small scenarios
FACT-056,Arithmetic geometry,Elliptic curve ranks,conductor/height/family,Certify rank/generators,"A10,A11,A12,A19,A26",new rank record; completed data,LMFDB gaps
FACT-057,Arithmetic geometry,Rational points on curves,genus; coefficients,Prove complete point set,"A10,A11,A19,A24,A26",all rational points,database gaps
FACT-058,Arithmetic geometry,Modular-form congruences,level; weight; modulus,Discover and prove congruence,"A10,A13,A17,A26,A35",new congruence theorem,database mining
FACT-059,Meta,Formal Conjectures queue,domain; decidability; dependency size,Close formal open statements,"A24,A25,A26,A28,A31",kernel theorem; reusable lemma,lowest proof-cost frontier
FACT-060,Meta,OEIS unresolved comments,sequence; conjectured property,"Replicate, falsify, or prove","A13,A20,A22,A25,A34",corrected sequence; theorem,high-confidence unsupported claims
FACT-061,Meta,Database anomaly mining,database; invariant; extremality,Find false records/missing cases,"A21,A33,A35,A40",database correction; new record,continuous scans
FACT-062,Graph,"Generalized Ramsey R(G1,...,Gr)",graph tuple; color count,Scan parameters for the smallest unknown or weakly certified case.,"A01,A02,A05,A15,A21,A26",exact value; construction; counterexample; improved bound; classification,automatically ranked frontier
FACT-063,Graph,Induced subgraph extremal function,forbidden induced H; n,Scan parameters for the smallest unknown or weakly certified case.,"A01,A02,A05,A15,A21,A26",exact value; construction; counterexample; improved bound; classification,automatically ranked frontier
FACT-064,Graph,Domination number extremals,graph class; order; degree,Scan parameters for the smallest unknown or weakly certified case.,"A01,A02,A05,A15,A21,A26",exact value; construction; counterexample; improved bound; classification,automatically ranked frontier
FACT-065,Graph,Metric dimension,graph family; parameters,Scan parameters for the smallest unknown or weakly certified case.,"A01,A02,A05,A15,A21,A26",exact value; construction; counterexample; improved bound; classification,automatically ranked frontier
FACT-066,Graph,Identifying codes,radius; graph family,Scan parameters for the smallest unknown or weakly certified case.,"A01,A02,A05,A15,A21,A26",exact value; construction; counterexample; improved bound; classification,automatically ranked frontier
FACT-067,Graph,Locating-dominating sets,graph family; order,Scan parameters for the smallest unknown or weakly certified case.,"A01,A02,A05,A15,A21,A26",exact value; construction; counterexample; improved bound; classification,automatically ranked frontier
FACT-068,Graph,Spectral graph radius extremals,order; degree; forbidden H,Scan parameters for the smallest unknown or weakly certified case.,"A01,A02,A05,A15,A21,A26",exact value; construction; counterexample; improved bound; classification,automatically ranked frontier
FACT-069,Graph,Energy of graphs,order; class,Scan parameters for the smallest unknown or weakly certified case.,"A01,A02,A05,A15,A21,A26",exact value; construction; counterexample; improved bound; classification,automatically ranked frontier
FACT-070,Graph,Graph decompositions,host; blocks; symmetry,Scan parameters for the smallest unknown or weakly certified case.,"A01,A02,A05,A15,A21,A26",exact value; construction; counterexample; improved bound; classification,automatically ranked frontier
FACT-071,Graph,Graph labeling,label type; graph family,Scan parameters for the smallest unknown or weakly certified case.,"A01,A02,A05,A15,A21,A26",exact value; construction; counterexample; improved bound; classification,automatically ranked frontier
FACT-072,Graph,Directed girth/outdegree,n; minimum outdegree,Scan parameters for the smallest unknown or weakly certified case.,"A01,A02,A05,A15,A21,A26",exact value; construction; counterexample; improved bound; classification,automatically ranked frontier
FACT-073,Graph,Hypergraph matching/covering,uniformity; n; matching size,Scan parameters for the smallest unknown or weakly certified case.,"A01,A02,A05,A15,A21,A26",exact value; construction; counterexample; improved bound; classification,automatically ranked frontier
FACT-074,Graph,Hypergraph coloring,uniformity; edges; chromatic target,Scan parameters for the smallest unknown or weakly certified case.,"A01,A02,A05,A15,A21,A26",exact value; construction; counterexample; improved bound; classification,automatically ranked frontier
FACT-075,Graph,Forbidden configuration matrices,rows; columns; pattern,Scan parameters for the smallest unknown or weakly certified case.,"A01,A02,A05,A15,A21,A26",exact value; construction; counterexample; improved bound; classification,automatically ranked frontier
FACT-076,Design,Latin trades,order; volume; symmetry,Scan parameters for the smallest unknown or weakly certified case.,"A01,A04,A05,A17,A26",exact value; construction; counterexample; improved bound; classification,automatically ranked frontier
FACT-077,Design,Sudoku/ gerechte designs,order; region structure,Scan parameters for the smallest unknown or weakly certified case.,"A01,A04,A05,A17,A26",exact value; construction; counterexample; improved bound; classification,automatically ranked frontier
FACT-078,Design,Magic squares and cubes,order; constraint class,Scan parameters for the smallest unknown or weakly certified case.,"A01,A04,A05,A17,A26",exact value; construction; counterexample; improved bound; classification,automatically ranked frontier
FACT-079,Design,Difference triangle sets,number of rulers; scope,Scan parameters for the smallest unknown or weakly certified case.,"A01,A04,A05,A17,A26",exact value; construction; counterexample; improved bound; classification,automatically ranked frontier
FACT-080,Design,Frequency hopping sequences,alphabet; length; correlation,Scan parameters for the smallest unknown or weakly certified case.,"A01,A04,A05,A17,A26",exact value; construction; counterexample; improved bound; classification,automatically ranked frontier
FACT-081,Design,Optical orthogonal codes,length; weight; correlation,Scan parameters for the smallest unknown or weakly certified case.,"A01,A04,A05,A17,A26",exact value; construction; counterexample; improved bound; classification,automatically ranked frontier
FACT-082,Number theory,Multiplicative orders,base; modulus family,Scan parameters for the smallest unknown or weakly certified case.,"A10,A11,A13,A19,A26",exact value; construction; counterexample; improved bound; classification,automatically ranked frontier
FACT-083,Number theory,Primitive prime divisors,recurrence; index,Scan parameters for the smallest unknown or weakly certified case.,"A10,A11,A13,A19,A26",exact value; construction; counterexample; improved bound; classification,automatically ranked frontier
FACT-084,Number theory,Pseudoprime searches,bases; factor count; bound,Scan parameters for the smallest unknown or weakly certified case.,"A10,A11,A13,A19,A26",exact value; construction; counterexample; improved bound; classification,automatically ranked frontier
FACT-085,Number theory,Prime values of polynomials,polynomial family; range,Scan parameters for the smallest unknown or weakly certified case.,"A10,A11,A13,A19,A26",exact value; construction; counterexample; improved bound; classification,automatically ranked frontier
FACT-086,Number theory,Integer points near curves,curve; height; distance,Scan parameters for the smallest unknown or weakly certified case.,"A10,A11,A13,A19,A26",exact value; construction; counterexample; improved bound; classification,automatically ranked frontier
FACT-087,Number theory,Smooth-number patterns,smoothness bound; tuple offsets,Scan parameters for the smallest unknown or weakly certified case.,"A10,A11,A13,A19,A26",exact value; construction; counterexample; improved bound; classification,automatically ranked frontier
FACT-088,Number theory,Divisor-function extremals,range; exponent/k,Scan parameters for the smallest unknown or weakly certified case.,"A10,A11,A13,A19,A26",exact value; construction; counterexample; improved bound; classification,automatically ranked frontier
FACT-089,Number theory,Totient preimages,target; number of solutions,Scan parameters for the smallest unknown or weakly certified case.,"A10,A11,A13,A19,A26",exact value; construction; counterexample; improved bound; classification,automatically ranked frontier
FACT-090,Number theory,Aliquot graph motifs,range; motif/cycle,Scan parameters for the smallest unknown or weakly certified case.,"A10,A11,A13,A19,A26",exact value; construction; counterexample; improved bound; classification,automatically ranked frontier
FACT-091,Number theory,Continued fraction patterns,algebraic/transcendental input,Scan parameters for the smallest unknown or weakly certified case.,"A10,A11,A13,A19,A26",exact value; construction; counterexample; improved bound; classification,automatically ranked frontier
FACT-092,Geometry,Distance sets,dimension; number of distances,Scan parameters for the smallest unknown or weakly certified case.,"A01,A12,A15,A16,A28",exact value; construction; counterexample; improved bound; classification,automatically ranked frontier
FACT-093,Geometry,Polytope realization,face lattice; dimension,Scan parameters for the smallest unknown or weakly certified case.,"A01,A12,A15,A16,A28",exact value; construction; counterexample; improved bound; classification,automatically ranked frontier
FACT-094,Geometry,Polytope diameter,dimension; facets,Scan parameters for the smallest unknown or weakly certified case.,"A01,A12,A15,A16,A28",exact value; construction; counterexample; improved bound; classification,automatically ranked frontier
FACT-095,Geometry,Tiling and packing polytopes,tile; dimension; periodicity,Scan parameters for the smallest unknown or weakly certified case.,"A01,A12,A15,A16,A28",exact value; construction; counterexample; improved bound; classification,automatically ranked frontier
FACT-096,Coding,Permutation codes,n; distance metric,Scan parameters for the smallest unknown or weakly certified case.,"A01,A05,A06,A16,A26",exact value; construction; counterexample; improved bound; classification,automatically ranked frontier
FACT-097,Coding,Subspace codes,"q,n,d,k",Scan parameters for the smallest unknown or weakly certified case.,"A01,A05,A06,A16,A26",exact value; construction; counterexample; improved bound; classification,automatically ranked frontier
FACT-098,Coding,DNA constrained codes,alphabet; forbidden patterns; distance,Scan parameters for the smallest unknown or weakly certified case.,"A01,A05,A06,A16,A26",exact value; construction; counterexample; improved bound; classification,automatically ranked frontier
FACT-099,Coding,Locally decodable codes,length; queries; alphabet,Scan parameters for the smallest unknown or weakly certified case.,"A01,A05,A06,A16,A26",exact value; construction; counterexample; improved bound; classification,automatically ranked frontier
FACT-100,Algebra,Finite ring classification,order; identity/commutativity,Scan parameters for the smallest unknown or weakly certified case.,"A01,A02,A05,A17,A26",exact value; construction; counterexample; improved bound; classification,automatically ranked frontier
FACT-101,Algebra,Semigroup presentation search,generators; relations,Scan parameters for the smallest unknown or weakly certified case.,"A01,A02,A05,A17,A26",exact value; construction; counterexample; improved bound; classification,automatically ranked frontier
FACT-102,Algebra,Polynomial decomposition,degree; field,Scan parameters for the smallest unknown or weakly certified case.,"A01,A02,A05,A17,A26",exact value; construction; counterexample; improved bound; classification,automatically ranked frontier
FACT-103,Algebra,Finite-field permutation polynomials,q; degree,Scan parameters for the smallest unknown or weakly certified case.,"A01,A02,A05,A17,A26",exact value; construction; counterexample; improved bound; classification,automatically ranked frontier
FACT-104,Topology,Link invariants,crossing number; components,Scan parameters for the smallest unknown or weakly certified case.,"A02,A11,A21,A26,A35",exact value; construction; counterexample; improved bound; classification,automatically ranked frontier
FACT-105,Topology,Spatial graph embeddings,graph; genus/manifold,Scan parameters for the smallest unknown or weakly certified case.,"A02,A11,A21,A26,A35",exact value; construction; counterexample; improved bound; classification,automatically ranked frontier
FACT-106,Dynamics,Substitution sequences,alphabet; morphism,Scan parameters for the smallest unknown or weakly certified case.,"A12,A13,A20,A22,A25",exact value; construction; counterexample; improved bound; classification,automatically ranked frontier
FACT-107,Dynamics,Cellular automata,dimension; radius; rule constraints,Scan parameters for the smallest unknown or weakly certified case.,"A12,A13,A20,A22,A25",exact value; construction; counterexample; improved bound; classification,automatically ranked frontier
FACT-108,Dynamics,Discrete integrable maps,map family; invariant degree,Scan parameters for the smallest unknown or weakly certified case.,"A12,A13,A20,A22,A25",exact value; construction; counterexample; improved bound; classification,automatically ranked frontier
FACT-109,Analysis,Special-function zero inequalities,function; parameter range,Scan parameters for the smallest unknown or weakly certified case.,"A12,A16,A24,A28,A38",exact value; construction; counterexample; improved bound; classification,automatically ranked frontier
FACT-110,TCS,Graph game parameters,game; graph family,Scan parameters for the smallest unknown or weakly certified case.,"A05,A06,A17,A26,A28",exact value; construction; counterexample; improved bound; classification,automatically ranked frontier
FACT-111,TCS,Parameterized complexity thresholds,problem; structural parameter,Scan parameters for the smallest unknown or weakly certified case.,"A05,A06,A17,A26,A28",exact value; construction; counterexample; improved bound; classification,automatically ranked frontier
FACT-112,Quantum,Contextuality hypergraphs,vertices; contexts; dimension,Scan parameters for the smallest unknown or weakly certified case.,"A05,A15,A16,A17,A28",exact value; construction; counterexample; improved bound; classification,automatically ranked frontier
FACT-113,Quantum,Quantum channel capacities,channel family; dimension,Scan parameters for the smallest unknown or weakly certified case.,"A05,A15,A16,A17,A28",exact value; construction; counterexample; improved bound; classification,automatically ranked frontier
FACT-114,Arithmetic geometry,Number field databases,degree; discriminant; Galois group,Scan parameters for the smallest unknown or weakly certified case.,"A10,A11,A17,A19,A26",exact value; construction; counterexample; improved bound; classification,automatically ranked frontier
FACT-115,Arithmetic geometry,Isogeny/endomorphism structures,dimension; field,Scan parameters for the smallest unknown or weakly certified case.,"A10,A11,A17,A19,A26",exact value; construction; counterexample; improved bound; classification,automatically ranked frontier
FACT-116,Meta,MathOverflow open-question miner,tag; age; answer status,Scan parameters for the smallest unknown or weakly certified case.,"A24,A25,A33,A35,A40",exact value; construction; counterexample; improved bound; classification,automatically ranked frontier
FACT-117,Meta,AIM problem-list compiler,workshop/list; domain,Scan parameters for the smallest unknown or weakly certified case.,"A24,A25,A33,A35,A40",exact value; construction; counterexample; improved bound; classification,automatically ranked frontier
